id,first_name,last_name,email,gender
1,Nicoline,Bryns,nbryns0@g.co,Female
2,Hyacinthia,Fawks,hfawks1@multiply.com,Female
3,Montague,Wantling,mwantling2@parallels.com,Male
4,Lorna,Yakobovicz,lyakobovicz3@phpbb.com,Female
5,Lani,Linstead,llinstead4@hexun.com,Female
6,Boot,Collet,bcollet5@weebly.com,Male
7,Harold,Belshaw,hbelshaw6@ft.com,Male
8,Giorgi,Negri,gnegri7@blinklist.com,Male
9,Fabiano,Hedon,fhedon8@mac.com,Male
10,Alli,Counter,acounter9@github.com,Female
11,Glyn,Searsby,gsearsbya@ted.com,Bigender
12,Gayel,Greally,ggreallyb@nba.com,Genderfluid
13,Terri,Jancar,tjancarc@wisc.edu,Male
14,Hi,Mc Dermid,hmcdermidd@oracle.com,Male
15,Benny,Wheal,bwheale@freewebs.com,Female
16,Gene,Beedom,gbeedomf@illinois.edu,Male
17,Rakel,McDermot,rmcdermotg@arstechnica.com,Female
18,Baron,Rooson,broosonh@ovh.net,Male
19,Wanda,Kitchinham,wkitchinhami@paypal.com,Female
20,Magnum,Kobiela,mkobielaj@theguardian.com,Male
21,Tim,Clewlowe,tclewlowek@goo.ne.jp,Female
22,Renato,Dybald,rdybaldl@geocities.jp,Male
23,Honoria,Bruyntjes,hbruyntjesm@cnn.com,Female
24,Ruby,Darlison,rdarlisonn@comcast.net,Male
25,Gibbie,Crockley,gcrockleyo@arstechnica.com,Male
26,Hyacinthia,Whaites,hwhaitesp@over-blog.com,Female
27,Rayner,Golborn,rgolbornq@youku.com,Male
28,Tibold,Keam,tkeamr@360.cn,Male
29,Daren,Gidley,dgidleys@msu.edu,Male
30,Douglas,Collicott,dcollicottt@marketwatch.com,Male
31,Klaus,Bernardotti,kbernardottiu@csmonitor.com,Male
32,Hobie,Firbank,hfirbankv@phpbb.com,Male
33,Rutledge,Dyos,rdyosw@geocities.jp,Male
34,Carey,Cardenas,ccardenasx@godaddy.com,Female
35,Gerard,Blasing,gblasingy@cbsnews.com,Male
36,Nadeen,Hanna,nhannaz@hostgator.com,Female
37,Marita,Evetts,mevetts10@stumbleupon.com,Female
38,Gretta,Nilles,gnilles11@walmart.com,Female
39,Tore,De Carteret,tdecarteret12@harvard.edu,Male
40,Iver,Gori,igori13@biblegateway.com,Male
41,Aurelie,Rolin,arolin14@netlog.com,Female
42,Diandra,Bezzant,dbezzant15@yolasite.com,Female
43,Ella,Heymes,eheymes16@woothemes.com,Female
44,Devlen,Pursehouse,dpursehouse17@over-blog.com,Male
45,Valida,Hestrop,vhestrop18@gnu.org,Female
46,Jerrold,Cordet,jcordet19@prnewswire.com,Male
47,Hyacintha,Larwell,hlarwell1a@bravesites.com,Female
48,Nobie,Kuschel,nkuschel1b@scribd.com,Genderqueer
49,Margaret,Local,mlocal1c@wikia.com,Female
50,Franchot,Finnimore,ffinnimore1d@w3.org,Male
51,Christoper,Ligerton,cligerton1e@google.de,Male
52,Barbabra,Gaitskill,bgaitskill1f@answers.com,Female
53,Evie,Givens,egivens1g@geocities.jp,Female
54,Iona,Webb-Bowen,iwebbbowen1h@reverbnation.com,Female
55,Trudy,Yearn,tyearn1i@craigslist.org,Female
56,Skyler,Tebbe,stebbe1j@state.gov,Male
57,Liesa,Fley,lfley1k@china.com.cn,Genderqueer
58,Oliy,Balmadier,obalmadier1l@amazon.co.uk,Female
59,Lind,Travers,ltravers1m@accuweather.com,Male
60,Sandor,Lyptrit,slyptrit1n@vistaprint.com,Male
61,Ashbey,Wadman,awadman1o@usda.gov,Male
62,Lazar,Fawdrie,lfawdrie1p@elegantthemes.com,Male
63,Ulick,Kemmett,ukemmett1q@theguardian.com,Male
64,Meg,Prestner,mprestner1r@theguardian.com,Female
65,Shalna,Beeby,sbeeby1s@delicious.com,Female
66,Roderich,Roby,rroby1t@yale.edu,Male
67,Monroe,Aggio,maggio1u@istockphoto.com,Male
68,Randee,Stapley,rstapley1v@google.com,Female
69,Briny,Hele,bhele1w@fc2.com,Female
70,Dominic,Castro,dcastro1x@aboutads.info,Male
71,Tamar,Baythrop,tbaythrop1y@businesswire.com,Bigender
72,Hewie,Aitken,haitken1z@va.gov,Male
73,Karney,Chadbourne,kchadbourne20@comcast.net,Male
74,Aviva,McClean,amcclean21@yale.edu,Female
75,Allianora,Haythornthwaite,ahaythornthwaite22@cnn.com,Female
76,Lanie,Kornilyev,lkornilyev23@hexun.com,Male
77,Myrtia,Shipley,mshipley24@zimbio.com,Female
78,Evered,Lines,elines25@tinypic.com,Male
79,Vern,Klaas,vklaas26@sourceforge.net,Male
80,Hakeem,Bulled,hbulled27@google.com.br,Male
